Material,Appliance,Item
Animal Protein,dryer,Bacon
Animal Protein,dryer,Beef Steak
Animal Protein,dryer,Chicken Breast
Animal Protein,dryer,Chicken Wings
Animal Protein,dryer,Crab Legs
Animal Protein,dryer,Duck Breast
Animal Protein,microwave,Frozen Meat
Animal Protein,dryer,Ground Beef
Animal Protein,microwave,Hot Dogs
Animal Protein,dryer,Lobster Tail
Animal Protein,dryer,Pork Chop
Animal Protein,dryer,Salmon Fillet
Animal Protein,dryer,Sausage
Animal Protein,dryer,Shrimp
Animal Protein,dryer,Tuna Steak
Animal Protein,dryer,Turkey Breast
Animal-Fiber Wool,freezer,Wool Sweater
Animal-Fiber Wool,oven,Wool Sweater
Animal-Fiber Wool,airfryer,Wool Sweater
Animal-Fiber Wool,refrigerator,Wool Sweater
Cellulose Paper / Cardboard,microwave,Paper Cartons
Cellulose Paper / Cardboard,microwave,Paper Cup
Clay-Based Ceramic / Stoneware,freezer,Ceramic Plate
Clay-Based Ceramic / Stoneware,oven,Ceramic Plate
Clay-Based Ceramic / Stoneware,dryer,Ceramic Plate
Clay-Based Ceramic / Stoneware,airfryer,Ceramic Plate
Clay-Based Ceramic / Stoneware,refrigerator,Ceramic Plate
Clay-Based Ceramic / Stoneware,freezer,Paper Plate
Clay-Based Ceramic / Stoneware,oven,Paper Plate
Clay-Based Ceramic / Stoneware,dryer,Paper Plate
Clay-Based Ceramic / Stoneware,refrigerator,Paper Plate
Clay-Based Ceramic / Stoneware,airfryer,Paper Plates Airfryer
Cleaning Chemical Compound,microwave,Soap
Cooking Oil / Liquid Fat / Seasoning,dishwasher,Aluminum Foil
Cooking Oil / Liquid Fat / Seasoning,freezer,Aluminum Foil
Cooking Oil / Liquid Fat / Seasoning,oven,Aluminum Foil
Cooking Oil / Liquid Fat / Seasoning,dryer,Aluminum Foil
Cooking Oil / Liquid Fat / Seasoning,airfryer,Aluminum Foil
Cooking Oil / Liquid Fat / Seasoning,refrigerator,Aluminum Foil
Cooking Oil / Liquid Fat / Seasoning,dryer,Coconut Oil
Cooking Oil / Liquid Fat / Seasoning,dryer,Olive Oil
Cooking Oil / Liquid Fat / Seasoning,oven,Rubber Spatula
Cooking Oil / Liquid Fat / Seasoning,dryer,Vegetable Oil
Expanded Polystyrene (EPS),microwave,Ramen Cup
Expanded Polystyrene (EPS),airfryer,Styrofoam Airfryer
Expanded Polystyrene (EPS),freezer,Styrofoam Cup
Expanded Polystyrene (EPS),oven,Styrofoam Cup
Expanded Polystyrene (EPS),dryer,Styrofoam Cup
Expanded Polystyrene (EPS),airfryer,Styrofoam Cup
Expanded Polystyrene (EPS),refrigerator,Styrofoam Cup
Food-Grade Silicone,freezer,Pacifiers
Food-Grade Silicone,dryer,Pacifiers
Food-Grade Silicone,airfryer,Pacifiers
Food-Grade Silicone,refrigerator,Pacifiers
Food-Grade Silicone,freezer,Silicone Spatula
Food-Grade Silicone,dryer,Silicone Spatula
Food-Grade Silicone,airfryer,Silicone Spatula
Food-Grade Silicone,refrigerator,Silicone Spatula
Fresh Fruit,dryer,Apple
Fresh Fruit,dryer,Apple Juice
Fresh Fruit,dryer,Avocado
Fresh Fruit,dryer,Banana
Fresh Fruit,dryer,Blackberry
Fresh Fruit,dryer,Blueberry
Fresh Fruit,dryer,Cherry
Fresh Fruit,dryer,Grape
Fresh Fruit,microwave,Grapes
Fresh Fruit,dryer,Lemon
Fresh Fruit,dryer,Lime
Fresh Fruit,dryer,Mango
Fresh Fruit,dryer,Nectarine
Fresh Fruit,dryer,Orange
Fresh Fruit,dryer,Orange Juice
Fresh Fruit,dryer,Peach
Fresh Fruit,dryer,Pineapple
Fresh Fruit,dryer,Plum
Fresh Fruit,dryer,Raspberry
Fresh Fruit,refrigerator,Stone Fruits
Fresh Fruit,dryer,Strawberry
Fresh Fruit,dryer,Tomato
Fresh Fruit,microwave,Tomatoes
Fresh Fruit,refrigerator,Tropical Fruits
Fresh Vegetable,refrigerator,Basil
Fresh Vegetable,dryer,Bell Pepper
Fresh Vegetable,dryer,Broccoli
Fresh Vegetable,dryer,Brussels Sprouts
Fresh Vegetable,dryer,Cabbage
Fresh Vegetable,dryer,Carrot
Fresh Vegetable,dryer,Celery
Fresh Vegetable,refrigerator,Coffee Beans
Fresh Vegetable,dryer,Corn
Fresh Vegetable,dryer,Cucumber
Fresh Vegetable,dryer,Garlic
Fresh Vegetable,dryer,Ginger
Fresh Vegetable,dryer,Green Beans
Fresh Vegetable,microwave,Hot Peppers
Fresh Vegetable,dryer,Kale
Fresh Vegetable,dryer,Lettuce
Fresh Vegetable,dryer,Mushroom
Fresh Vegetable,dryer,Onion
Fresh Vegetable,dryer,Peas
Fresh Vegetable,dryer,Spinach
Fresh Vegetable,dryer,Yellow Squash
Fresh Vegetable,dryer,Zucchini
Glazed Porcelain / China,microwave,Fine China
Insulated Stainless Steel,freezer,Hydro Flask
Insulated Stainless Steel,oven,Hydro Flask
Insulated Stainless Steel,dryer,Hydro Flask
Insulated Stainless Steel,airfryer,Hydro Flask
Insulated Stainless Steel,refrigerator,Hydro Flask
Insulated Stainless Steel,freezer,Stanley Cup
Insulated Stainless Steel,oven,Stanley Cup
Insulated Stainless Steel,dryer,Stanley Cup
Insulated Stainless Steel,airfryer,Stanley Cup
Insulated Stainless Steel,refrigerator,Stanley Cup
Insulated Stainless Steel,freezer,Travel Mug
Insulated Stainless Steel,oven,Travel Mug
Insulated Stainless Steel,dryer,Travel Mug
Insulated Stainless Steel,airfryer,Travel Mug
Insulated Stainless Steel,refrigerator,Travel Mug
Insulated Stainless Steel,freezer,Yeti Tumbler
Insulated Stainless Steel,oven,Yeti Tumbler
Insulated Stainless Steel,dryer,Yeti Tumbler
Insulated Stainless Steel,airfryer,Yeti Tumbler
Insulated Stainless Steel,refrigerator,Yeti Tumbler
Kitchen Appliance Component,microwave,Acrylic Cups
Kitchen Appliance Component,dishwasher,Air Fryer Basket
Kitchen Appliance Component,dishwasher,Bamboo Cups
Kitchen Appliance Component,dishwasher,Bundt Pan
Kitchen Appliance Component,freezer,Bundt Pan
Kitchen Appliance Component,dryer,Bundt Pan
Kitchen Appliance Component,airfryer,Bundt Pan
Kitchen Appliance Component,refrigerator,Bundt Pan
Kitchen Appliance Component,freezer,Cast Iron Skillet
Kitchen Appliance Component,dryer,Cast Iron Skillet
Kitchen Appliance Component,airfryer,Cast Iron Skillet
Kitchen Appliance Component,refrigerator,Cast Iron Skillet
Kitchen Appliance Component,dishwasher,Ceramic Pan
Kitchen Appliance Component,dryer,Compression Socks
Kitchen Appliance Component,freezer,Copper Mug
Kitchen Appliance Component,oven,Copper Mug
Kitchen Appliance Component,dryer,Copper Mug
Kitchen Appliance Component,airfryer,Copper Mug
Kitchen Appliance Component,refrigerator,Copper Mug
Kitchen Appliance Component,dishwasher,Plastic Container
Kitchen Appliance Component,microwave,Plastic Container
Kitchen Appliance Component,freezer,Plastic Container
Kitchen Appliance Component,oven,Plastic Container
Kitchen Appliance Component,dryer,Plastic Container
Kitchen Appliance Component,airfryer,Plastic Container
Kitchen Appliance Component,refrigerator,Plastic Container
Kitchen Appliance Component,airfryer,Plastic Container Airfryer
Kitchen Appliance Component,dryer,Potato
Kitchen Appliance Component,microwave,Potatoes
Kitchen Appliance Component,freezer,Potatoes
Kitchen Appliance Component,dishwasher,Springform Pan
Kitchen Appliance Component,freezer,Stainless Steel Pan
Kitchen Appliance Component,oven,Stainless Steel Pan
Kitchen Appliance Component,dryer,Stainless Steel Pan
Kitchen Appliance Component,airfryer,Stainless Steel Pan
Kitchen Appliance Component,refrigerator,Stainless Steel Pan
Kitchen Appliance Component,dryer,Sweet Potato
Liquid Beverage,dryer,Beer
Liquid Beverage,dryer,Soda
Liquid Beverage,dishwasher,Soda Can
Liquid Beverage,dryer,Watermelon
Liquid Beverage,dryer,Wine
Liquid Beverage,freezer,Wine Glass
Liquid Beverage,oven,Wine Glass
Liquid Beverage,dryer,Wine Glass
Liquid Beverage,airfryer,Wine Glass
Liquid Beverage,refrigerator,Wine Glass
N/A,dryer,Backpack
N/A,freezer,Eggs
N/A,freezer,Mason Jar
N/A,freezer,Mayo
N/A,refrigerator,Olive Oil
N/A,microwave,Paper Bag
N/A,airfryer,Paper Plate
N/A,dryer,Running Shoes
N/A,refrigerator,Tomatoes
Natural Wood / Bamboo,microwave,Cardboard Box
Natural Wood / Bamboo,microwave,Cardboard Pizza Box
Perishable Dairy / Soy / Protein Product,dryer,Almond Butter
Perishable Dairy / Soy / Protein Product,microwave,Breast Milk
Perishable Dairy / Soy / Protein Product,microwave,Breastmilk Bags
Perishable Dairy / Soy / Protein Product,dryer,Butter
Perishable Dairy / Soy / Protein Product,dryer,Cheddar Cheese
Perishable Dairy / Soy / Protein Product,dryer,Cream Cheese
Perishable Dairy / Soy / Protein Product,dryer,Heavy Cream
Perishable Dairy / Soy / Protein Product,dryer,Mayonnaise
Perishable Dairy / Soy / Protein Product,dryer,Milk
Perishable Dairy / Soy / Protein Product,dryer,Mozzarella Cheese
Perishable Dairy / Soy / Protein Product,dryer,Peanut Butter
Perishable Dairy / Soy / Protein Product,microwave,Protein Shaker
Perishable Dairy / Soy / Protein Product,dryer,Sour Cream
Perishable Dairy / Soy / Protein Product,dryer,Tofu
Perishable Dairy / Soy / Protein Product,dryer,Yogurt
Polymer Plastic,microwave,Baby Bottle
Polymer Plastic,microwave,Baby Bottles
Polymer Plastic,freezer,Baby Bottles
Polymer Plastic,oven,Baby Bottles
Polymer Plastic,dryer,Baby Bottles
Polymer Plastic,airfryer,Baby Bottles
Polymer Plastic,refrigerator,Baby Bottles
Polymer Plastic,microwave,Bento Box
Polymer Plastic,freezer,Bento Box
Polymer Plastic,oven,Bento Box
Polymer Plastic,dryer,Bento Box
Polymer Plastic,airfryer,Bento Box
Polymer Plastic,refrigerator,Bento Box
Polymer Plastic,microwave,Plastic Spoon
Polymer Plastic,microwave,Plastic Wrap
Polymer Plastic,airfryer,Plastic Wrap
Polymer Plastic,microwave,Solo Cup
Polymer Plastic,freezer,Tupperware
Polymer Plastic,oven,Tupperware
Polymer Plastic,dryer,Tupperware
Polymer Plastic,airfryer,Tupperware
Polymer Plastic,refrigerator,Tupperware
Polymer Plastic,dishwasher,Ziploc Bag
Polymer Plastic,freezer,Ziploc Bag
Polymer Plastic,oven,Ziploc Bag
Polymer Plastic,dryer,Ziploc Bag
Polymer Plastic,airfryer,Ziploc Bag
Polymer Plastic,refrigerator,Ziploc Bag
Poultry Product (Eggs),dryer,Egg
Poultry Product (Eggs),dryer,Eggplant
Precious Metal / Trim,freezer,Gold Silverware
Precious Metal / Trim,oven,Gold Silverware
Precious Metal / Trim,dryer,Gold Silverware
Precious Metal / Trim,airfryer,Gold Silverware
Precious Metal / Trim,refrigerator,Gold Silverware
Precious Metal / Trim,freezer,Silver Silverware
Precious Metal / Trim,oven,Silver Silverware
Precious Metal / Trim,dryer,Silver Silverware
Precious Metal / Trim,airfryer,Silver Silverware
Precious Metal / Trim,refrigerator,Silver Silverware
Prepared Food Product,microwave,Baby Food
Prepared Food Product,freezer,Batteries
Prepared Food Product,refrigerator,Batteries in Fridge
Prepared Food Product,dryer,Brown Rice
Prepared Food Product,dryer,Brownie
Prepared Food Product,dryer,Cake
Prepared Food Product,dryer,Chocolate Chip Cookies
Prepared Food Product,refrigerator,Chocolate in Fridge
Prepared Food Product,dryer,Coffee
Prepared Food Product,dryer,Cookie Dough
Prepared Food Product,dryer,Croissant
Prepared Food Product,dryer,Guacamole
Prepared Food Product,dryer,Honey
Prepared Food Product,dryer,Honeydew
Prepared Food Product,refrigerator,Hot Sauce
Prepared Food Product,dryer,Hot Sauce
Prepared Food Product,dryer,Hummus
Prepared Food Product,dryer,Jam
Prepared Food Product,dryer,Jelly
Prepared Food Product,refrigerator,Ketchup
Prepared Food Product,dryer,Ketchup
Prepared Food Product,dryer,Lentils
Prepared Food Product,dryer,Macaroni
Prepared Food Product,dryer,Maple Syrup
Prepared Food Product,dryer,Muffin
Prepared Food Product,dryer,Mustard
Prepared Food Product,dryer,Nutella
Prepared Food Product,dryer,Oatmeal
Prepared Food Product,dryer,Pie
Prepared Food Product,dryer,Pita Bread
Prepared Food Product,dryer,Pizza Dough
Prepared Food Product,dryer,Quinoa
Prepared Food Product,dryer,Salsa
Prepared Food Product,dryer,Sourdough Bread
Prepared Food Product,refrigerator,Soy Sauce
Prepared Food Product,dryer,Soy Sauce
Prepared Food Product,dryer,Spaghetti
Prepared Food Product,dryer,Tea
Prepared Food Product,dryer,Tempeh
Prepared Food Product,dryer,Tortilla
Prepared Food Product,airfryer,Wet Batter Airfryer
Prepared Food Product,dryer,White Bread
Prepared Food Product,dryer,White Rice
Prepared Food Product,dryer,Whole Wheat Bread
Soda-Lime Glass,dryer,Glass Bowl
Soda-Lime Glass,airfryer,Glass Bowl
Soda-Lime Glass,refrigerator,Glass Bowl
Soda-Lime Glass,airfryer,Glass in Airfryer
Soda-Lime Glass,dryer,Mason Jar
Soda-Lime Glass,airfryer,Mason Jar
Soda-Lime Glass,refrigerator,Mason Jar
Soda-Lime Glass,airfryer,Mason Jar Airfryer
Specialty Household Item,microwave,CD Disc
Specialty Household Item,dryer,Cauliflower
Specialty Household Item,freezer,Flowers
Specialty Household Item,refrigerator,Perfume in Fridge
Specialty Household Item,dishwasher,Sponges
Specialty Household Item,freezer,Sponges
Specialty Household Item,oven,Sponges
Specialty Household Item,dryer,Sponges
Specialty Household Item,airfryer,Sponges
Specialty Household Item,refrigerator,Sponges
Stainless Steel / Alloy Metal,freezer,Baking Sheet
Stainless Steel / Alloy Metal,oven,Baking Sheet
Stainless Steel / Alloy Metal,dryer,Baking Sheet
Stainless Steel / Alloy Metal,airfryer,Baking Sheet
Stainless Steel / Alloy Metal,refrigerator,Baking Sheet
Stainless Steel / Alloy Metal,dishwasher,Bamboo Cutting Board
Stainless Steel / Alloy Metal,dryer,Cantaloupe
Stainless Steel / Alloy Metal,freezer,Muffin Tin
Stainless Steel / Alloy Metal,dryer,Muffin Tin
Stainless Steel / Alloy Metal,airfryer,Muffin Tin
Stainless Steel / Alloy Metal,refrigerator,Muffin Tin
Stainless Steel / Alloy Metal,dishwasher,Pewter Dishes
Stainless Steel / Alloy Metal,dishwasher,Steel Wool
Stainless Steel / Alloy Metal,freezer,Steel Wool
Stainless Steel / Alloy Metal,oven,Steel Wool
Stainless Steel / Alloy Metal,dryer,Steel Wool
Stainless Steel / Alloy Metal,airfryer,Steel Wool
Stainless Steel / Alloy Metal,refrigerator,Steel Wool
Stainless Steel / Alloy Metal,dishwasher,Wooden Cutting Board
Stainless Steel / Alloy Metal,oven,Wooden Cutting Board
Stainless Steel / Alloy Metal,dryer,Wooden Cutting Board
Stainless Steel / Alloy Metal,airfryer,Wooden Cutting Board
Stainless Steel / Alloy Metal,refrigerator,Wooden Cutting Board
Stainless Steel / Alloy Metal,dishwasher,Wooden Spoon
Stainless Steel / Alloy Metal,oven,Wooden Spoon
Stainless Steel / Alloy Metal,dryer,Wooden Spoon
Stainless Steel / Alloy Metal,airfryer,Wooden Spoon
Stainless Steel / Alloy Metal,refrigerator,Wooden Spoon
Stainless Steel / Alloy Metal,oven,Wooden Spoon in Oven
Synthetic Polyester Blend,dryer,Asparagus
Synthetic Polyester Blend,dryer,Bagel
Synthetic Polyester Blend,dryer,Baseball Cap
Synthetic Polyester Blend,dryer,Beaded Dress
Synthetic Polyester Blend,dryer,Electric Blanket
Synthetic Polyester Blend,dryer,Gym Bag
Synthetic Polyester Blend,microwave,Hand Warmers
Synthetic Polyester Blend,dryer,Lace Garments
Synthetic Polyester Blend,dryer,Leather Jacket
Synthetic Polyester Blend,freezer,Memory Foam
Synthetic Polyester Blend,oven,Memory Foam
Synthetic Polyester Blend,airfryer,Memory Foam
Synthetic Polyester Blend,refrigerator,Memory Foam
Synthetic Polyester Blend,dryer,Salad Dressing
Synthetic Polyester Blend,dryer,Sequined Top
Synthetic Polyester Blend,dryer,Tights
Synthetic Polyester Blend,dryer,Velvet Hanger
Synthetic Polyester Blend,dryer,Weighted Blanket
Synthetic and Natural Footwear Materials,dryer,Ballet Flats
Synthetic and Natural Footwear Materials,freezer,Crocs
Synthetic and Natural Footwear Materials,oven,Crocs
Synthetic and Natural Footwear Materials,airfryer,Crocs
Synthetic and Natural Footwear Materials,refrigerator,Crocs
Synthetic and Natural Footwear Materials,dryer,Heels
Synthetic and Natural Footwear Materials,dryer,Leather Shoes
Synthetic and Natural Footwear Materials,freezer,Running Shoes
Synthetic and Natural Footwear Materials,oven,Running Shoes
Synthetic and Natural Footwear Materials,airfryer,Running Shoes
Synthetic and Natural Footwear Materials,refrigerator,Running Shoes
Synthetic and Natural Footwear Materials,dryer,Ugg Boots
Tempered Borosilicate Glass,airfryer,Pyrex Airfryer
